date,temp_max,temp_min,precipitation,wind_speed,temp_avg
2022-01-01,27.0,22.8,8.6,25.3,24.9
2022-01-02,27.9,23.9,0.9,20.9,25.9
2022-01-03,27.7,23.8,0.0,19.7,25.75
2022-01-04,27.2,22.5,0.0,21.0,24.85
2022-01-05,28.0,21.5,0.1,14.5,24.75
2022-01-06,28.2,21.5,0.1,15.6,24.85
2022-01-07,27.3,22.1,2.5,16.6,24.700000000000003
2022-01-08,27.8,22.5,0.4,17.4,25.15
2022-01-09,28.1,22.3,0.0,12.7,25.200000000000003
2022-01-10,28.5,21.9,0.0,12.5,25.2
2022-01-11,28.7,23.2,0.2,15.6,25.95
2022-01-12,28.9,22.6,2.3,13.0,25.75
2022-01-13,28.5,23.0,1.3,13.0,25.75
2022-01-14,27.2,22.8,1.9,9.7,25.0
2022-01-15,27.5,23.0,3.6,17.7,25.25
2022-01-16,28.0,22.1,1.4,21.2,25.05
2022-01-17,27.6,22.6,3.2,18.9,25.1
2022-01-18,27.1,23.1,0.9,18.0,25.1
2022-01-19,28.4,20.9,0.0,13.8,24.65
2022-01-20,28.6,20.1,0.0,15.4,24.35
2022-01-21,28.9,20.5,0.0,18.6,24.7
2022-01-22,28.9,21.9,0.0,18.2,25.4
2022-01-23,30.5,24.0,0.5,22.2,27.25
2022-01-24,29.7,24.5,2.1,19.4,27.1
2022-01-25,28.6,22.5,1.2,17.6,25.55
2022-01-26,28.0,22.2,0.1,13.3,25.1
2022-01-27,28.0,23.5,0.8,17.3,25.75
2022-01-28,28.2,22.5,0.8,22.0,25.35
2022-01-29,27.5,24.6,0.5,23.5,26.05
2022-01-30,28.6,24.1,0.2,16.2,26.35
2022-01-31,28.9,21.8,0.0,15.9,25.35
2022-02-01,28.1,21.1,0.0,13.1,24.6
2022-02-02,27.9,19.5,0.0,13.0,23.7
2022-02-03,28.1,20.2,0.0,16.1,24.15
2022-02-04,30.5,22.0,0.0,17.3,26.25
2022-02-05,29.0,22.9,0.5,13.6,25.95
2022-02-06,28.4,24.2,0.9,16.2,26.299999999999997
2022-02-07,28.8,22.0,0.0,16.1,25.4
2022-02-08,28.5,21.4,0.0,15.5,24.95
2022-02-09,28.5,23.5,0.0,17.7,26.0
2022-02-10,29.5,22.6,0.0,19.1,26.05
2022-02-11,29.5,22.9,0.0,21.9,26.2
2022-02-12,29.1,23.0,0.0,19.5,26.05
2022-02-13,29.2,23.4,0.1,16.6,26.299999999999997
2022-02-14,28.0,23.2,2.0,20.3,25.6
2022-02-15,28.6,22.8,0.0,15.5,25.700000000000003
2022-02-16,28.7,21.3,0.0,16.0,25.0
2022-02-17,28.9,21.7,0.1,14.6,25.299999999999997
2022-02-18,29.5,24.4,0.0,17.8,26.95
2022-02-19,29.3,22.6,0.0,17.3,25.950000000000003
2022-02-20,29.7,21.6,0.0,16.1,25.65
2022-02-21,31.6,22.0,0.0,22.6,26.8
2022-02-22,30.1,23.0,0.0,13.6,26.55
2022-02-23,30.0,24.9,0.0,16.5,27.45
2022-02-24,29.9,23.0,0.1,14.8,26.45
2022-02-25,29.5,21.2,0.0,16.0,25.35
2022-02-26,30.0,22.0,0.1,19.0,26.0
2022-02-27,29.9,23.3,0.0,15.8,26.6
2022-02-28,30.3,22.5,0.0,16.5,26.4
2022-03-01,32.3,22.1,0.0,15.9,27.2
2022-03-02,30.7,20.2,0.0,16.8,25.45
2022-03-03,30.4,22.3,0.1,21.5,26.35
2022-03-04,30.5,24.1,0.3,29.4,27.3
2022-03-05,30.8,24.9,0.0,26.0,27.85
2022-03-06,28.9,25.2,0.2,27.1,27.049999999999997
2022-03-07,30.1,25.2,0.0,21.1,27.65
2022-03-08,30.9,22.1,0.0,15.2,26.5
2022-03-09,31.1,21.6,0.0,14.8,26.35
2022-03-10,30.7,21.9,0.0,13.4,26.299999999999997
2022-03-11,30.6,22.0,0.0,15.5,26.3
2022-03-12,31.5,22.2,0.0,15.0,26.85
2022-03-13,31.9,21.9,0.0,15.9,26.9
2022-03-14,32.5,22.1,0.0,15.5,27.3
2022-03-15,32.8,22.7,0.0,17.1,27.75
2022-03-16,32.6,22.8,0.0,18.1,27.700000000000003
2022-03-17,32.5,22.7,0.0,19.6,27.6
2022-03-18,32.2,23.7,0.0,23.3,27.950000000000003
2022-03-19,33.0,25.5,0.0,21.1,29.25
2022-03-20,33.7,26.1,4.8,15.2,29.900000000000002
2022-03-21,33.2,26.2,0.0,17.1,29.700000000000003
2022-03-22,33.2,27.1,0.0,14.7,30.150000000000002
2022-03-23,32.6,27.0,0.2,22.1,29.8
2022-03-24,32.0,26.5,0.8,23.2,29.25
2022-03-25,31.7,26.2,0.5,21.1,28.95
2022-03-26,32.0,26.1,0.6,21.8,29.05
2022-03-27,32.4,26.1,0.1,25.3,29.25
2022-03-28,33.3,25.9,0.0,26.9,29.599999999999998
2022-03-29,33.8,26.4,0.0,28.0,30.099999999999998
2022-03-30,34.2,27.1,0.1,26.9,30.650000000000002
2022-03-31,34.2,26.8,0.0,26.0,30.5
2022-04-01,32.3,26.8,0.7,27.3,29.549999999999997
2022-04-02,32.6,26.7,0.6,25.3,29.65
2022-04-03,32.2,25.7,0.0,22.3,28.950000000000003
2022-04-04,31.8,26.4,0.1,19.5,29.1
2022-04-05,31.9,25.7,0.2,20.2,28.799999999999997
2022-04-06,31.9,25.4,0.0,19.1,28.65
2022-04-07,32.3,25.8,0.0,19.5,29.049999999999997
2022-04-08,32.0,26.5,0.1,15.6,29.25
2022-04-09,31.4,26.4,0.5,17.0,28.9
2022-04-10,31.9,25.7,0.5,16.3,28.799999999999997
2022-04-11,30.6,26.8,1.2,15.5,28.700000000000003
2022-04-12,31.5,26.5,0.8,18.0,29.0
2022-04-13,31.4,26.4,1.1,18.6,28.9
2022-04-14,33.1,26.5,1.2,23.5,29.8
2022-04-15,33.5,27.2,0.0,24.5,30.35
2022-04-16,35.0,27.8,0.0,25.8,31.4
2022-04-17,33.3,28.0,0.5,19.6,30.65
2022-04-18,32.8,26.9,0.2,17.2,29.849999999999998
2022-04-19,33.5,27.2,0.0,20.9,30.35
2022-04-20,33.0,27.1,0.1,23.2,30.05
2022-04-21,32.8,27.5,0.1,22.4,30.15
2022-04-22,33.0,26.9,0.0,18.6,29.95
2022-04-23,33.4,26.6,0.0,22.8,30.0
2022-04-24,33.5,26.8,0.0,19.6,30.15
2022-04-25,34.4,26.2,0.0,26.1,30.299999999999997
2022-04-26,34.0,26.5,0.0,26.1,30.25
2022-04-27,33.7,26.6,0.0,23.9,30.150000000000002
2022-04-28,34.0,27.0,0.0,27.4,30.5
2022-04-29,34.0,27.4,0.0,24.0,30.7
2022-04-30,34.8,27.2,0.0,22.6,31.0
2022-05-01,35.2,28.0,0.0,24.3,31.6
2022-05-02,34.5,28.3,0.0,20.5,31.4
2022-05-03,34.3,28.5,0.0,23.7,31.4
2022-05-04,33.3,27.9,0.1,21.5,30.599999999999998
2022-05-05,33.4,27.3,0.2,18.6,30.35
2022-05-06,34.8,27.9,0.0,23.2,31.349999999999998
2022-05-07,34.7,27.2,0.0,16.5,30.950000000000003
2022-05-08,35.0,27.8,0.0,13.7,31.4
2022-05-09,35.8,27.9,0.3,14.7,31.849999999999998
2022-05-10,30.9,26.4,22.3,31.4,28.65
2022-05-11,34.0,25.4,4.0,25.5,29.7
2022-05-12,32.2,25.0,13.8,21.3,28.6
2022-05-13,33.5,24.9,6.5,18.4,29.2
2022-05-14,34.5,26.0,16.8,19.4,30.25
2022-05-15,34.0,25.6,16.3,17.7,29.8
2022-05-16,32.9,26.2,0.3,16.6,29.549999999999997
2022-05-17,32.1,26.3,4.6,19.7,29.200000000000003
2022-05-18,32.2,26.1,2.3,23.3,29.150000000000002
2022-05-19,33.8,27.4,0.9,22.7,30.599999999999998
2022-05-20,34.7,26.2,7.3,16.8,30.450000000000003
2022-05-21,35.9,27.1,0.6,24.3,31.5
2022-05-22,37.5,28.1,0.0,21.0,32.8
2022-05-23,36.5,28.2,0.0,19.4,32.35
2022-05-24,36.2,27.8,0.3,19.1,32.0
2022-05-25,35.8,27.8,0.0,17.7,31.799999999999997
2022-05-26,35.7,28.0,4.6,17.6,31.85
2022-05-27,37.0,27.0,0.4,19.5,32.0
2022-05-28,37.2,28.0,0.0,20.7,32.6
2022-05-29,37.6,28.5,0.1,19.6,33.05
2022-05-30,36.7,28.0,0.1,18.8,32.35
2022-05-31,36.3,28.3,0.0,18.9,32.3
2022-06-01,37.3,28.0,0.0,18.7,32.65
2022-06-02,37.7,28.2,0.1,17.4,32.95
2022-06-03,36.8,28.7,0.0,19.3,32.75
2022-06-04,35.5,28.8,0.0,19.9,32.15
2022-06-05,36.3,28.6,0.0,24.8,32.45
2022-06-06,35.2,24.8,2.3,17.1,30.0
2022-06-07,36.4,26.4,0.1,17.2,31.4
2022-06-08,37.5,28.5,0.5,18.0,33.0
2022-06-09,35.3,28.5,0.0,20.7,31.9
2022-06-10,36.7,28.4,0.0,23.0,32.55
2022-06-11,36.7,28.6,0.0,24.1,32.650000000000006
2022-06-12,35.2,28.8,0.0,22.1,32.0
2022-06-13,34.8,27.4,0.0,16.6,31.099999999999998
2022-06-14,35.7,26.4,5.2,26.3,31.05
2022-06-15,32.7,25.8,5.6,20.0,29.25
2022-06-16,32.5,25.4,4.5,23.2,28.95
2022-06-17,30.8,24.9,0.5,19.8,27.85
2022-06-18,31.2,26.4,5.3,20.6,28.799999999999997
2022-06-19,32.8,25.8,7.4,19.0,29.299999999999997
2022-06-20,33.2,25.6,0.9,18.1,29.400000000000002
2022-06-21,33.2,26.1,5.6,14.4,29.650000000000002
2022-06-22,33.0,26.4,1.1,18.6,29.7
2022-06-23,32.5,26.4,3.5,16.0,29.45
2022-06-24,33.5,27.7,1.6,25.5,30.6
2022-06-25,34.6,26.1,0.3,19.6,30.35
2022-06-26,35.0,27.5,0.6,18.6,31.25
2022-06-27,33.5,28.0,0.2,16.7,30.75
2022-06-28,33.2,26.9,0.4,12.8,30.05
2022-06-29,34.8,27.1,3.0,16.1,30.95
2022-06-30,35.1,27.2,0.3,16.4,31.15
2022-07-01,35.1,26.3,5.3,18.4,30.700000000000003
2022-07-02,34.9,26.2,1.1,16.8,30.549999999999997
2022-07-03,34.3,25.2,16.1,20.3,29.75
2022-07-04,34.2,27.0,6.7,21.5,30.6
2022-07-05,32.2,26.4,5.2,22.5,29.3
2022-07-06,30.8,25.6,5.1,16.1,28.200000000000003
2022-07-07,33.0,25.3,5.5,17.8,29.15
2022-07-08,33.1,26.6,0.1,18.2,29.85
2022-07-09,30.9,25.9,2.7,22.3,28.4
2022-07-10,34.9,25.7,1.2,24.5,30.299999999999997
2022-07-11,33.0,27.2,0.6,28.5,30.1
2022-07-12,35.1,26.6,0.5,24.6,30.85
2022-07-13,35.7,28.0,0.8,32.3,31.85
2022-07-14,35.8,27.9,0.0,30.4,31.849999999999998
2022-07-15,36.5,27.6,0.3,25.0,32.05
2022-07-16,36.7,27.1,0.3,23.5,31.900000000000002
2022-07-17,34.2,26.3,2.2,20.0,30.25
2022-07-18,31.8,25.8,3.3,15.8,28.8
2022-07-19,33.3,26.1,0.1,14.6,29.7
2022-07-20,32.2,25.9,10.8,16.0,29.05
2022-07-21,32.5,24.6,19.8,20.0,28.55
2022-07-22,30.8,25.0,9.7,12.6,27.9
2022-07-23,32.2,24.8,5.5,15.8,28.5
2022-07-24,31.4,25.0,2.9,13.6,28.2
2022-07-25,32.3,25.6,1.7,11.5,28.95
2022-07-26,30.9,25.1,10.3,15.1,28.0
2022-07-27,30.2,25.2,1.6,13.3,27.7
2022-07-28,31.0,25.4,0.4,12.6,28.2
2022-07-29,29.6,24.9,2.1,15.0,27.25
2022-07-30,31.8,26.3,0.4,15.9,29.05
2022-07-31,31.2,25.6,1.5,14.3,28.4
2022-08-01,32.3,25.0,7.2,16.6,28.65
2022-08-02,31.9,25.0,19.0,15.4,28.45
2022-08-03,28.1,24.5,16.9,11.2,26.3
2022-08-04,30.4,24.4,21.2,15.5,27.4
2022-08-05,30.7,25.0,0.0,20.2,27.85
2022-08-06,29.8,26.5,2.8,20.2,28.15
2022-08-07,31.8,26.4,0.4,21.1,29.1
2022-08-08,33.0,27.0,0.0,24.5,30.0
2022-08-09,34.5,27.1,0.0,27.5,30.8
2022-08-10,34.2,26.7,0.2,25.8,30.450000000000003
2022-08-11,35.7,26.2,0.0,25.6,30.950000000000003
2022-08-12,35.3,27.6,0.1,19.3,31.45
2022-08-13,35.2,27.4,0.2,14.8,31.3
2022-08-14,33.8,27.1,0.0,15.3,30.45
2022-08-15,33.3,26.5,0.3,20.6,29.9
2022-08-16,32.2,27.0,5.7,18.1,29.6
2022-08-17,32.8,25.6,10.0,20.3,29.2
2022-08-18,33.7,26.6,1.6,23.1,30.150000000000002
2022-08-19,33.5,25.1,1.3,22.3,29.3
2022-08-20,34.7,27.5,0.0,17.1,31.1
2022-08-21,33.2,25.6,1.1,21.0,29.400000000000002
2022-08-22,34.5,25.6,4.9,19.1,30.05
2022-08-23,34.0,25.9,1.9,17.8,29.95
2022-08-24,31.8,24.7,12.9,14.8,28.25
2022-08-25,33.1,25.0,2.5,14.1,29.05
2022-08-26,32.5,24.3,8.2,13.5,28.4
2022-08-27,31.5,24.5,15.0,19.4,28.0
2022-08-28,31.8,24.8,11.1,11.7,28.3
2022-08-29,31.1,25.1,2.9,13.0,28.1
2022-08-30,30.2,24.2,5.3,14.1,27.2
2022-08-31,28.8,25.3,3.4,13.0,27.05
2022-09-01,28.2,24.5,16.8,12.4,26.35
2022-09-02,30.0,24.5,2.8,16.3,27.25
2022-09-03,31.2,25.6,1.0,15.3,28.4
2022-09-04,31.4,25.8,4.5,13.8,28.6
2022-09-05,31.7,25.2,0.1,17.7,28.45
2022-09-06,31.1,25.1,6.3,14.0,28.1
2022-09-07,31.0,25.8,11.4,11.9,28.4
2022-09-08,29.1,25.0,5.5,13.9,27.05
2022-09-09,32.0,25.3,15.2,14.3,28.65
2022-09-10,31.4,25.1,2.1,16.9,28.25
2022-09-11,32.3,26.8,0.0,23.8,29.549999999999997
2022-09-12,32.7,26.0,0.0,24.7,29.35
2022-09-13,33.0,26.1,0.2,20.8,29.55
2022-09-14,32.7,26.5,2.7,19.2,29.6
2022-09-15,32.8,25.3,2.7,15.7,29.049999999999997
2022-09-16,33.5,26.2,1.2,18.0,29.85
2022-09-17,33.8,26.7,0.2,14.6,30.25
2022-09-18,33.8,27.0,0.0,16.6,30.4
2022-09-19,34.0,26.5,0.7,14.6,30.25
2022-09-20,34.8,26.8,0.0,17.4,30.799999999999997
2022-09-21,34.8,25.8,0.0,19.3,30.299999999999997
2022-09-22,35.5,27.0,0.0,19.0,31.25
2022-09-23,34.2,26.4,0.4,18.3,30.3
2022-09-24,34.3,27.0,1.1,14.0,30.65
2022-09-25,34.0,26.3,1.4,14.0,30.15
2022-09-26,33.5,26.2,3.5,14.9,29.85
2022-09-27,32.7,25.2,3.8,13.0,28.950000000000003
2022-09-28,32.0,25.0,25.6,13.5,28.5
2022-09-29,32.0,24.1,11.8,13.4,28.05
2022-09-30,30.1,25.0,1.6,14.3,27.55
2022-10-01,29.4,25.3,8.4,19.8,27.35
2022-10-02,32.0,26.5,0.0,17.5,29.25
2022-10-03,33.5,26.8,0.0,21.5,30.15
2022-10-04,33.9,26.1,0.0,17.1,30.0
2022-10-05,28.5,25.5,10.2,9.4,27.0
2022-10-06,30.6,24.0,20.0,16.1,27.3
2022-10-07,28.2,23.8,5.4,10.7,26.0
2022-10-08,29.6,25.2,51.5,13.0,27.4
2022-10-09,28.5,24.0,20.9,11.9,26.25
2022-10-10,29.0,23.9,16.1,16.6,26.45
2022-10-11,29.4,24.8,1.8,17.6,27.1
2022-10-12,30.4,25.5,6.2,10.2,27.95
2022-10-13,30.0,24.2,2.9,10.8,27.1
2022-10-14,29.2,23.9,6.6,14.3,26.549999999999997
2022-10-15,29.7,23.9,9.9,12.8,26.799999999999997
2022-10-16,29.5,24.1,6.8,13.9,26.8
2022-10-17,29.2,24.0,3.6,11.7,26.6
2022-10-18,30.8,24.0,11.8,15.8,27.4
2022-10-19,30.5,23.4,2.7,15.0,26.95
2022-10-20,30.2,23.9,6.6,18.2,27.049999999999997
2022-10-21,29.4,23.5,12.3,15.6,26.45
2022-10-22,29.9,22.9,12.2,27.3,26.4
2022-10-23,31.5,24.1,0.0,18.5,27.8
2022-10-24,31.5,21.7,0.0,12.8,26.6
2022-10-25,31.5,20.4,0.0,13.0,25.95
2022-10-26,30.3,21.8,0.0,11.2,26.05
2022-10-27,29.8,23.0,2.3,20.6,26.4
2022-10-28,28.5,23.1,5.7,21.0,25.8
2022-10-29,30.2,25.5,0.5,22.3,27.85
2022-10-30,30.3,26.0,0.1,24.9,28.15
2022-10-31,26.1,24.0,37.3,21.3,25.05
2022-11-01,25.7,23.3,80.2,18.4,24.5
2022-11-02,25.2,23.0,23.9,15.2,24.1
2022-11-03,26.9,22.6,14.6,15.3,24.75
2022-11-04,28.0,23.2,5.8,15.3,25.6
2022-11-05,29.2,24.2,2.2,17.8,26.7
2022-11-06,29.6,24.8,0.2,21.9,27.200000000000003
2022-11-07,27.9,24.0,3.6,20.5,25.95
2022-11-08,28.1,23.9,4.4,20.1,26.0
2022-11-09,29.2,24.5,1.9,22.8,26.85
2022-11-10,29.2,23.5,4.5,26.3,26.35
2022-11-11,25.6,23.8,32.4,26.7,24.700000000000003
2022-11-12,26.2,23.8,20.4,22.8,25.0
2022-11-13,26.8,23.0,16.6,15.6,24.9
2022-11-14,27.0,23.2,4.0,16.3,25.1
2022-11-15,29.0,22.6,0.5,18.1,25.8
2022-11-16,28.8,22.6,0.0,16.1,25.700000000000003
2022-11-17,28.4,21.1,0.0,19.5,24.75
2022-11-18,28.6,21.2,0.0,23.5,24.9
2022-11-19,28.9,21.3,0.0,24.7,25.1
2022-11-20,26.9,21.2,0.6,23.2,24.049999999999997
2022-11-21,24.4,19.8,48.3,23.2,22.1
2022-11-22,24.0,21.4,67.6,22.1,22.7
2022-11-23,28.2,22.5,9.4,15.5,25.35
2022-11-24,28.1,22.8,4.3,10.5,25.450000000000003
2022-11-25,28.5,22.9,1.0,11.2,25.7
2022-11-26,28.2,23.3,0.9,13.9,25.75
2022-11-27,28.6,23.0,1.6,12.2,25.8
2022-11-28,28.2,22.7,1.2,13.1,25.45
2022-11-29,28.2,21.6,0.0,15.1,24.9
2022-11-30,28.2,21.3,0.5,14.0,24.75
2022-12-01,27.9,24.0,2.0,12.9,25.95
2022-12-02,29.0,23.7,2.0,15.0,26.35
2022-12-03,28.1,23.8,4.8,16.5,25.950000000000003
2022-12-04,29.0,24.2,2.5,20.1,26.6
2022-12-05,29.0,24.8,0.2,19.9,26.9
2022-12-06,28.6,23.9,0.0,21.7,26.25
2022-12-07,27.7,23.2,0.0,26.5,25.45
2022-12-08,25.0,21.2,23.8,35.8,23.1
2022-12-09,25.1,20.4,114.0,53.1,22.75
2022-12-10,26.6,23.1,13.7,44.0,24.85
2022-12-11,26.5,23.2,7.0,14.5,24.85
2022-12-12,26.0,23.9,21.6,22.4,24.95
2022-12-13,28.5,23.4,1.1,15.5,25.95
2022-12-14,28.4,22.8,1.2,17.2,25.6
2022-12-15,27.6,22.2,0.0,10.5,24.9
2022-12-16,28.0,21.2,0.0,14.3,24.6
2022-12-17,28.2,22.6,0.0,15.5,25.4
2022-12-18,27.8,23.9,1.5,24.0,25.85
2022-12-19,28.4,23.5,0.1,21.4,25.95
2022-12-20,27.6,22.5,0.4,24.2,25.05
2022-12-21,28.2,23.4,0.7,23.6,25.799999999999997
2022-12-22,27.9,23.4,0.0,24.0,25.65
2022-12-23,27.9,22.7,0.4,26.8,25.299999999999997
2022-12-24,28.2,23.2,4.1,27.8,25.7
2022-12-25,27.0,24.1,13.1,19.0,25.55
2022-12-26,28.1,23.6,6.4,17.0,25.85
2022-12-27,27.5,24.1,1.4,13.0,25.8
2022-12-28,28.5,22.6,0.4,11.9,25.55
2022-12-29,28.5,22.4,0.3,10.7,25.45
2022-12-30,29.1,22.1,0.0,11.5,25.6
2022-12-31,28.6,22.2,0.0,10.0,25.4
2023-01-01,28.5,21.3,0.0,13.0,24.9
2023-01-02,28.2,21.8,0.1,9.6,25.0
2023-01-03,27.8,22.0,0.3,17.7,24.9
2023-01-04,27.6,22.0,1.9,16.7,24.8
2023-01-05,28.5,25.0,0.0,22.2,26.75
2023-01-06,28.1,24.4,0.0,24.5,26.25
2023-01-07,28.0,23.6,0.9,22.3,25.8
2023-01-08,27.2,22.2,1.4,20.7,24.7
2023-01-09,27.0,21.8,0.0,17.4,24.4
2023-01-10,27.2,20.0,0.0,18.2,23.6
2023-01-11,27.6,19.2,0.0,14.2,23.4
2023-01-12,27.5,19.9,0.0,13.2,23.7
2023-01-13,28.0,18.8,0.0,10.7,23.4
2023-01-14,27.6,19.0,0.0,12.7,23.3
2023-01-15,27.3,18.5,0.0,11.2,22.9
2023-01-16,27.4,18.2,0.0,15.6,22.799999999999997
2023-01-17,28.0,20.2,0.2,12.3,24.1
2023-01-18,28.4,20.0,0.0,15.4,24.2
2023-01-19,28.4,19.5,0.0,14.9,23.95
2023-01-20,27.4,22.0,3.2,18.0,24.7
2023-01-21,29.1,22.8,1.9,21.3,25.950000000000003
2023-01-22,28.3,22.4,0.0,17.7,25.35
2023-01-23,28.7,24.5,0.2,19.3,26.6
2023-01-24,28.0,23.3,0.0,17.1,25.65
2023-01-25,28.0,22.3,0.4,16.0,25.15
2023-01-26,29.2,21.5,0.0,18.4,25.35
2023-01-27,28.7,21.1,0.0,15.8,24.9
2023-01-28,28.9,21.0,0.2,18.2,24.95
2023-01-29,28.5,22.6,0.6,23.4,25.55
2023-01-30,29.0,24.1,1.9,24.3,26.55
2023-01-31,27.9,24.4,2.0,23.5,26.15
2023-02-01,28.6,24.9,0.9,24.1,26.75
2023-02-02,29.0,25.5,0.0,24.6,27.25
2023-02-03,29.1,25.8,0.9,22.9,27.450000000000003
2023-02-04,29.0,23.5,0.0,17.7,26.25
2023-02-05,28.7,21.0,0.0,16.5,24.85
2023-02-06,28.5,20.8,0.0,15.5,24.65
2023-02-07,29.4,20.8,0.0,13.5,25.1
2023-02-08,29.0,22.0,0.0,12.0,25.5
2023-02-09,28.8,21.5,0.0,12.4,25.15
2023-02-10,31.3,20.4,0.0,15.2,25.85
2023-02-11,30.0,21.1,0.0,12.8,25.55
2023-02-12,30.1,19.6,0.0,14.4,24.85
2023-02-13,29.4,20.0,0.0,13.3,24.7
2023-02-14,29.1,19.6,0.0,16.3,24.35
2023-02-15,30.1,20.7,0.0,16.6,25.4
2023-02-16,29.1,20.0,0.0,14.8,24.55
2023-02-17,29.1,19.4,0.0,13.9,24.25
2023-02-18,29.5,20.8,0.0,14.8,25.15
2023-02-19,29.6,22.2,0.1,14.4,25.9
2023-02-20,30.8,20.4,0.0,14.4,25.6
2023-02-21,31.5,20.8,0.0,16.3,26.15
2023-02-22,31.0,21.0,0.0,14.2,26.0
2023-02-23,30.4,20.6,0.0,16.9,25.5
2023-02-24,30.1,20.7,0.0,13.0,25.4
2023-02-25,30.8,19.6,0.0,14.4,25.200000000000003
2023-02-26,29.5,19.9,0.0,14.1,24.7
2023-02-27,31.7,20.7,0.0,16.7,26.2
2023-02-28,30.1,23.1,0.2,17.8,26.6
2023-03-01,30.6,25.0,0.0,17.3,27.8
2023-03-02,30.6,21.7,0.0,14.0,26.15
2023-03-03,30.7,21.5,0.0,17.1,26.1
2023-03-04,31.2,21.3,0.0,15.9,26.25
2023-03-05,31.0,22.2,0.0,15.8,26.6
2023-03-06,31.0,22.2,0.0,14.8,26.6
2023-03-07,30.4,22.0,0.0,16.7,26.2
2023-03-08,30.5,23.4,0.0,16.2,26.95
2023-03-09,30.5,23.0,0.0,16.7,26.75
2023-03-10,30.4,23.4,0.0,16.1,26.9
2023-03-11,30.5,22.8,0.0,18.7,26.65
2023-03-12,30.8,23.1,0.0,18.4,26.950000000000003
2023-03-13,31.8,23.8,0.0,15.0,27.8
2023-03-14,31.2,23.4,0.0,14.0,27.299999999999997
2023-03-15,31.0,24.8,0.0,18.6,27.9
2023-03-16,30.9,25.9,0.0,18.6,28.4
2023-03-17,30.3,24.6,5.9,18.0,27.450000000000003
2023-03-18,30.4,24.8,3.3,16.9,27.6
2023-03-19,29.9,23.3,21.5,15.9,26.6
2023-03-20,28.9,23.5,1.5,20.6,26.2
2023-03-21,30.5,24.4,0.3,20.8,27.45
2023-03-22,31.9,24.7,1.4,17.7,28.299999999999997
2023-03-23,31.3,25.6,2.0,20.8,28.450000000000003
2023-03-24,31.9,26.1,1.5,20.2,29.0
2023-03-25,31.5,26.1,0.6,22.2,28.8
2023-03-26,30.7,26.5,0.7,20.4,28.6
2023-03-27,33.0,25.4,0.2,20.6,29.2
2023-03-28,32.0,25.9,0.1,20.6,28.95
2023-03-29,31.7,26.2,0.0,22.1,28.95
2023-03-30,31.5,24.8,0.0,22.9,28.15
2023-03-31,32.3,24.7,0.0,23.7,28.5
2023-04-01,32.3,26.0,2.2,23.5,29.15
2023-04-02,32.9,26.9,6.1,23.5,29.9
2023-04-03,31.2,27.2,0.8,23.0,29.2
2023-04-04,31.6,27.1,0.4,23.1,29.35
2023-04-05,32.7,26.5,0.1,24.7,29.6
2023-04-06,32.8,26.5,0.1,22.0,29.65
2023-04-07,32.0,25.5,0.0,16.6,28.75
2023-04-08,31.5,25.1,0.0,15.3,28.3
2023-04-09,32.3,25.3,0.0,15.0,28.799999999999997
2023-04-10,32.3,25.5,0.0,14.5,28.9
2023-04-11,33.0,25.0,0.0,12.9,29.0
2023-04-12,33.9,23.9,0.0,17.0,28.9
2023-04-13,34.2,24.5,0.0,19.1,29.35
2023-04-14,34.8,24.2,0.0,21.9,29.5
2023-04-15,35.3,23.9,0.0,19.6,29.599999999999998
2023-04-16,35.5,25.0,0.0,21.7,30.25
2023-04-17,34.4,24.4,0.0,20.1,29.4
2023-04-18,34.3,25.0,0.0,22.7,29.65
2023-04-19,34.7,25.3,0.0,25.9,30.0
2023-04-20,36.0,26.4,0.0,26.2,31.2
2023-04-21,35.8,27.6,0.0,27.4,31.7
2023-04-22,33.9,28.0,0.1,23.5,30.95
2023-04-23,33.5,27.9,6.3,25.1,30.7
2023-04-24,32.6,28.2,0.9,22.1,30.4
2023-04-25,32.1,27.8,0.9,20.2,29.950000000000003
2023-04-26,32.8,27.1,0.1,15.0,29.95
2023-04-27,33.0,26.9,0.1,17.0,29.95
2023-04-28,32.9,27.8,1.4,18.2,30.35
2023-04-29,31.5,27.8,4.5,24.9,29.65
2023-04-30,32.2,25.0,5.5,20.5,28.6
2023-05-01,31.0,24.9,25.5,16.0,27.95
2023-05-02,28.8,24.1,27.8,22.2,26.450000000000003
2023-05-03,29.0,25.1,9.1,12.0,27.05
2023-05-04,31.0,25.3,0.7,14.2,28.15
2023-05-05,30.3,24.7,13.0,17.8,27.5
2023-05-06,31.0,25.2,5.0,9.8,28.1
2023-05-07,32.0,25.8,0.2,11.8,28.9
2023-05-08,31.9,25.1,0.0,13.8,28.5
2023-05-09,32.8,25.5,0.1,13.5,29.15
2023-05-10,33.5,26.5,0.0,16.1,30.0
2023-05-11,34.3,26.7,0.0,14.8,30.5
2023-05-12,37.2,26.8,0.0,17.0,32.0
2023-05-13,39.9,28.7,0.0,20.6,34.3
2023-05-14,40.2,29.5,0.0,21.3,34.85
2023-05-15,37.1,28.4,0.0,20.6,32.75
2023-05-16,38.2,28.5,0.0,20.2,33.35
2023-05-17,34.0,28.5,0.0,26.1,31.25
2023-05-18,35.8,27.6,0.7,23.5,31.7
2023-05-19,35.2,28.0,0.0,24.0,31.6
2023-05-20,33.8,28.0,0.0,21.6,30.9
2023-05-21,34.5,28.1,0.0,23.9,31.3
2023-05-22,34.2,27.1,9.8,21.9,30.650000000000002
2023-05-23,35.2,27.9,0.0,21.7,31.55
2023-05-24,36.2,28.3,0.0,26.0,32.25
2023-05-25,38.5,29.0,0.9,21.9,33.75
2023-05-26,38.3,29.3,0.3,18.3,33.8
2023-05-27,37.7,28.2,0.0,14.9,32.95
2023-05-28,36.0,28.1,7.2,16.2,32.05
2023-05-29,34.6,27.9,0.0,20.2,31.25
2023-05-30,35.1,27.2,0.3,21.0,31.15
2023-05-31,34.3,26.4,0.0,18.6,30.349999999999998
2023-06-01,36.7,28.5,0.0,22.5,32.6
2023-06-02,38.7,29.2,0.0,16.6,33.95
2023-06-03,39.0,29.3,0.0,18.2,34.15
2023-06-04,37.8,29.1,0.6,22.1,33.45
2023-06-05,37.8,28.6,0.2,19.4,33.2
2023-06-06,39.8,28.4,0.1,20.6,34.099999999999994
2023-06-07,35.1,27.5,16.8,19.9,31.3
2023-06-08,37.0,30.2,0.0,20.4,33.6
2023-06-09,38.5,28.7,1.4,31.7,33.6
2023-06-10,38.7,28.5,0.8,22.0,33.6
2023-06-11,38.2,28.5,5.8,24.3,33.35
2023-06-12,38.8,28.4,0.3,20.1,33.599999999999994
2023-06-13,38.0,28.6,0.0,18.8,33.3
2023-06-14,39.4,29.6,0.0,19.1,34.5
2023-06-15,38.7,30.1,0.0,19.0,34.400000000000006
2023-06-16,39.5,29.5,1.2,19.5,34.5
2023-06-17,37.5,29.2,0.0,20.9,33.35
2023-06-18,34.2,27.0,3.0,22.8,30.6
2023-06-19,32.0,25.8,16.8,22.1,28.9
2023-06-20,34.2,25.6,2.1,28.2,29.900000000000002
2023-06-21,33.0,26.1,1.2,17.7,29.55
2023-06-22,33.2,27.2,0.5,14.1,30.200000000000003
2023-06-23,34.4,26.8,0.3,15.5,30.6
2023-06-24,34.0,27.7,0.2,14.8,30.85
2023-06-25,34.0,28.2,0.0,19.2,31.1
2023-06-26,34.9,27.9,0.9,18.2,31.4
2023-06-27,36.0,27.7,0.0,22.3,31.85
2023-06-28,35.7,27.7,2.8,20.4,31.700000000000003
2023-06-29,36.2,27.5,0.9,17.3,31.85
2023-06-30,36.3,26.8,0.0,17.8,31.549999999999997
2023-07-01,34.8,28.3,0.6,23.7,31.549999999999997
2023-07-02,33.5,26.5,3.9,15.5,30.0
2023-07-03,33.2,25.4,17.7,21.4,29.3
2023-07-04,32.2,26.1,13.2,17.6,29.150000000000002
2023-07-05,34.2,25.8,18.4,20.9,30.0
2023-07-06,31.9,27.0,0.1,21.9,29.45
2023-07-07,34.0,27.1,0.4,19.3,30.55
2023-07-08,34.3,27.2,0.3,18.1,30.75
2023-07-09,35.2,26.4,9.7,16.2,30.8
2023-07-10,31.2,25.0,22.4,17.3,28.1
2023-07-11,31.8,25.7,10.8,17.6,28.75
2023-07-12,32.5,24.5,16.2,15.1,28.5
2023-07-13,32.7,26.0,0.6,14.3,29.35
2023-07-14,33.9,26.9,0.3,17.0,30.4
2023-07-15,35.2,27.3,0.0,18.2,31.25
2023-07-16,34.0,27.5,1.0,15.0,30.75
2023-07-17,35.7,27.6,1.1,15.9,31.650000000000002
2023-07-18,36.1,27.7,0.1,23.9,31.9
2023-07-19,36.2,28.2,0.4,27.8,32.2
2023-07-20,36.2,28.3,0.0,29.2,32.25
2023-07-21,36.0,29.1,0.0,27.0,32.55
2023-07-22,34.5,27.8,1.1,23.9,31.15
2023-07-23,29.2,25.6,11.1,19.6,27.4
2023-07-24,29.5,25.5,10.3,15.6,27.5
2023-07-25,28.5,24.6,15.8,17.5,26.55
2023-07-26,28.8,25.0,5.3,20.5,26.9
2023-07-27,34.6,25.5,0.0,24.7,30.05
2023-07-28,35.3,27.0,0.5,24.3,31.15
2023-07-29,35.5,27.5,0.0,26.3,31.5
2023-07-30,35.5,28.1,0.0,22.7,31.8
2023-07-31,34.8,27.8,0.7,18.4,31.299999999999997
2023-08-01,35.2,27.4,1.3,22.4,31.3
2023-08-02,36.0,28.4,0.0,22.8,32.2
2023-08-03,37.0,28.5,0.7,20.9,32.75
2023-08-04,36.8,27.6,0.9,19.5,32.2
2023-08-05,36.3,28.3,0.6,18.7,32.3
2023-08-06,36.0,24.3,15.4,18.1,30.15
2023-08-07,35.6,26.2,0.8,18.7,30.9
2023-08-08,35.1,24.4,1.7,18.7,29.75
2023-08-09,34.3,26.6,1.9,15.0,30.45
2023-08-10,35.0,25.3,0.7,14.6,30.15
2023-08-11,33.8,26.6,2.3,17.0,30.2
2023-08-12,35.2,25.1,18.3,17.7,30.150000000000002
2023-08-13,34.5,25.2,8.1,14.8,29.85
2023-08-14,33.5,25.8,11.4,18.8,29.65
2023-08-15,33.5,25.4,2.7,17.3,29.45
2023-08-16,34.2,26.5,0.5,17.2,30.35
2023-08-17,35.3,24.9,8.5,21.3,30.099999999999998
2023-08-18,35.3,24.4,0.8,22.6,29.849999999999998
2023-08-19,35.5,27.1,0.5,16.5,31.3
2023-08-20,34.1,26.6,0.7,17.6,30.35
2023-08-21,34.2,27.5,1.8,13.4,30.85
2023-08-22,32.8,25.5,8.8,16.9,29.15
2023-08-23,33.5,26.2,5.6,17.9,29.85
2023-08-24,33.7,26.5,1.2,19.2,30.1
2023-08-25,35.0,26.9,0.1,20.1,30.95
2023-08-26,34.2,27.4,7.2,20.2,30.8
2023-08-27,33.0,25.7,12.4,16.7,29.35
2023-08-28,34.8,26.6,18.7,18.9,30.7
2023-08-29,34.2,25.5,8.6,17.0,29.85
2023-08-30,34.3,25.0,8.3,21.0,29.65
2023-08-31,34.7,24.6,3.6,16.9,29.650000000000002
2023-09-01,33.4,25.5,3.5,21.4,29.45
2023-09-02,34.0,26.8,2.3,18.0,30.4
2023-09-03,34.0,25.9,1.5,17.7,29.95
2023-09-04,32.2,25.4,5.5,24.6,28.8
2023-09-05,32.3,25.6,0.1,26.5,28.95
2023-09-06,33.0,26.0,6.4,19.3,29.5
2023-09-07,33.7,26.0,18.7,18.0,29.85
2023-09-08,33.8,25.9,2.3,23.5,29.849999999999998
2023-09-09,34.2,26.4,0.4,18.6,30.3
2023-09-10,34.0,27.3,0.0,15.2,30.65
2023-09-11,34.9,27.1,0.0,19.1,31.0
2023-09-12,35.3,26.8,5.6,18.9,31.049999999999997
2023-09-13,35.2,26.5,0.6,20.9,30.85
2023-09-14,36.1,26.0,2.5,23.0,31.05
2023-09-15,34.8,25.6,0.9,19.1,30.2
2023-09-16,33.8,26.0,16.7,23.2,29.9
2023-09-17,32.5,25.5,4.9,21.6,29.0
2023-09-18,33.0,25.0,4.2,18.4,29.0
2023-09-19,33.7,25.2,0.3,15.7,29.450000000000003
2023-09-20,34.0,26.0,0.2,15.1,30.0
2023-09-21,32.0,25.5,5.1,16.1,28.75
2023-09-22,32.8,25.5,2.6,17.3,29.15
2023-09-23,32.0,25.4,17.3,18.5,28.7
2023-09-24,33.8,24.6,18.6,17.1,29.2
2023-09-25,33.2,25.0,9.2,14.2,29.1
2023-09-26,32.8,24.8,21.7,18.4,28.799999999999997
2023-09-27,33.0,25.0,5.3,13.0,29.0
2023-09-28,33.7,25.7,8.2,16.7,29.700000000000003
2023-09-29,33.0,26.3,9.8,18.5,29.65
2023-09-30,32.4,25.7,2.7,18.6,29.049999999999997
2023-10-01,32.7,26.1,2.7,17.8,29.400000000000002
2023-10-02,33.4,26.5,0.3,21.2,29.95
2023-10-03,34.5,26.6,0.1,18.8,30.55
2023-10-04,33.9,26.3,10.0,14.2,30.1
2023-10-05,34.3,25.1,5.5,18.1,29.7
2023-10-06,34.2,26.0,3.1,17.8,30.1
2023-10-07,33.0,26.0,2.6,15.5,29.5
2023-10-08,32.7,25.9,0.0,16.4,29.3
2023-10-09,32.3,26.2,1.4,16.3,29.25
2023-10-10,32.3,25.3,0.6,13.5,28.799999999999997
2023-10-11,32.0,23.9,0.2,11.8,27.95
2023-10-12,31.1,25.4,0.4,11.6,28.25
2023-10-13,30.1,24.7,1.8,10.5,27.4
2023-10-14,29.2,23.8,22.5,11.0,26.5
2023-10-15,29.0,24.9,2.6,9.8,26.95
2023-10-16,29.5,24.9,12.6,10.9,27.2
2023-10-17,31.5,25.0,0.2,15.5,28.25
2023-10-18,31.2,25.0,0.1,15.6,28.1
2023-10-19,31.9,24.7,0.1,18.8,28.299999999999997
2023-10-20,31.6,24.6,0.2,14.8,28.1
2023-10-21,31.3,24.2,4.8,21.5,27.75
2023-10-22,31.6,25.0,2.4,18.6,28.3
2023-10-23,33.7,24.0,0.3,18.6,28.85
2023-10-24,33.2,23.1,0.1,17.9,28.150000000000002
2023-10-25,33.8,23.6,0.4,15.6,28.7
2023-10-26,30.6,23.9,1.4,18.2,27.25
2023-10-27,30.6,24.6,1.9,16.3,27.6
2023-10-28,30.1,24.5,4.8,14.9,27.3
2023-10-29,29.8,24.4,5.7,18.0,27.1
2023-10-30,30.0,24.3,8.9,16.4,27.15
2023-10-31,31.0,25.0,1.5,20.7,28.0
2023-11-01,30.4,25.1,13.4,21.8,27.75
2023-11-02,29.2,24.2,10.7,15.8,26.7
2023-11-03,29.0,24.2,14.2,16.5,26.6
2023-11-04,27.6,24.7,34.6,14.5,26.15
2023-11-05,28.8,23.9,22.2,11.1,26.35
2023-11-06,29.0,23.8,14.9,15.5,26.4
2023-11-07,28.9,24.1,13.8,16.6,26.5
2023-11-08,28.8,24.3,13.5,17.2,26.55
2023-11-09,28.5,23.5,12.8,15.7,26.0
2023-11-10,30.0,23.3,1.6,18.8,26.65
2023-11-11,30.0,25.3,0.0,21.9,27.65
2023-11-12,29.9,25.3,0.0,21.7,27.6
2023-11-13,29.9,24.9,3.8,23.7,27.4
2023-11-14,27.7,22.5,51.8,24.3,25.1
2023-11-15,25.0,23.4,35.4,22.6,24.2
2023-11-16,29.4,23.2,1.0,19.3,26.299999999999997
2023-11-17,29.5,24.3,2.2,21.2,26.9
2023-11-18,29.7,25.4,1.1,21.0,27.549999999999997
2023-11-19,29.7,25.2,0.2,19.7,27.45
2023-11-20,27.1,24.8,16.9,21.2,25.950000000000003
2023-11-21,27.5,24.1,25.3,14.8,25.8
2023-11-22,28.2,23.8,4.3,11.6,26.0
2023-11-23,26.5,24.6,10.8,12.1,25.55
2023-11-24,28.0,24.1,26.3,16.2,26.05
2023-11-25,28.5,23.9,5.1,19.4,26.2
2023-11-26,29.0,23.4,15.8,22.7,26.2
2023-11-27,29.6,24.0,3.2,16.9,26.8
2023-11-28,28.9,23.2,6.4,19.2,26.049999999999997
2023-11-29,27.5,23.1,13.7,19.2,25.3
2023-11-30,26.6,23.9,13.5,15.0,25.25
2023-12-01,29.4,23.4,3.3,24.2,26.4
2023-12-02,27.1,24.4,25.3,27.5,25.75
2023-12-03,26.0,24.1,54.0,34.4,25.05
2023-12-04,25.1,23.8,255.8,50.1,24.450000000000003
2023-12-05,31.0,23.5,14.3,26.0,27.25
2023-12-06,30.0,23.1,17.1,15.6,26.55
2023-12-07,28.9,23.5,5.6,13.4,26.2
2023-12-08,28.7,23.6,1.5,14.4,26.15
2023-12-09,29.5,24.2,0.3,17.3,26.85
2023-12-10,29.0,24.5,0.0,18.9,26.75
2023-12-11,28.2,25.0,0.6,17.1,26.6
2023-12-12,28.1,23.5,1.4,18.2,25.8
2023-12-13,27.5,22.4,0.4,20.0,24.95
2023-12-14,29.0,23.9,0.4,22.2,26.45
2023-12-15,26.4,24.6,6.1,23.4,25.5
2023-12-16,28.3,24.3,3.2,22.6,26.3
2023-12-17,28.0,24.3,3.1,23.9,26.15
2023-12-18,27.5,24.9,0.3,24.8,26.2
2023-12-19,27.8,23.8,0.0,23.0,25.8
2023-12-20,28.0,24.8,0.0,21.7,26.4
2023-12-21,28.1,24.1,0.0,20.2,26.1
2023-12-22,27.8,22.8,0.0,17.9,25.3
2023-12-23,27.7,20.9,0.0,14.8,24.299999999999997
2023-12-24,28.4,21.6,0.4,24.7,25.0
2023-12-25,28.0,24.0,3.4,23.4,26.0
2023-12-26,27.9,21.2,0.1,23.1,24.549999999999997
2023-12-27,28.1,23.4,0.3,22.9,25.75
2023-12-28,28.4,24.2,2.0,22.7,26.299999999999997
2023-12-29,28.4,24.2,2.0,23.9,26.299999999999997
2023-12-30,28.3,23.9,0.9,18.8,26.1
2023-12-31,28.1,23.2,0.2,17.6,25.65
2024-01-01,28.7,22.9,0.0,17.1,25.799999999999997
2024-01-02,27.8,23.0,0.0,16.5,25.4
2024-01-03,28.2,23.6,0.0,16.9,25.9
2024-01-04,29.0,24.7,1.0,19.4,26.85
2024-01-05,29.0,24.5,0.3,16.9,26.75
2024-01-06,28.3,24.0,2.7,23.4,26.15
2024-01-07,26.6,24.0,20.3,23.8,25.3
2024-01-08,26.8,24.0,25.5,23.7,25.4
2024-01-09,28.4,25.4,0.1,20.7,26.9
2024-01-10,28.1,24.6,0.0,18.3,26.35
2024-01-11,28.2,23.9,0.0,16.4,26.049999999999997
2024-01-12,28.4,23.4,0.0,14.5,25.9
2024-01-13,28.5,22.0,0.2,14.7,25.25
2024-01-14,28.4,20.7,0.3,12.6,24.549999999999997
2024-01-15,28.4,21.5,0.0,11.7,24.95
2024-01-16,28.1,20.5,0.0,10.1,24.3
2024-01-17,28.1,20.5,0.0,13.2,24.3
2024-01-18,28.5,20.5,0.0,11.6,24.5
2024-01-19,28.6,22.2,0.1,13.8,25.4
2024-01-20,28.6,23.9,0.0,14.6,26.25
2024-01-21,29.0,22.2,0.0,12.6,25.6
2024-01-22,28.5,22.0,0.0,12.9,25.25
2024-01-23,29.0,22.5,0.0,15.3,25.75
2024-01-24,29.4,22.3,0.0,16.9,25.85
2024-01-25,29.1,21.3,0.0,15.3,25.200000000000003
2024-01-26,29.0,22.0,1.0,14.8,25.5
2024-01-27,29.3,24.0,0.3,16.6,26.65
2024-01-28,28.9,23.3,0.2,17.0,26.1
2024-01-29,28.6,22.9,0.0,16.9,25.75
2024-01-30,29.8,20.5,0.0,18.8,25.15
2024-01-31,29.4,22.1,0.0,13.8,25.75
2024-02-01,29.2,23.9,0.6,14.4,26.549999999999997
2024-02-02,29.9,23.5,0.3,15.0,26.7
2024-02-03,29.8,23.5,0.0,12.6,26.65
2024-02-04,30.0,22.6,0.0,13.4,26.3
2024-02-05,29.8,22.0,0.0,13.6,25.9
2024-02-06,29.8,21.5,0.0,13.7,25.65
2024-02-07,30.3,21.5,0.0,12.8,25.9
2024-02-08,31.0,21.0,0.0,12.3,26.0
2024-02-09,30.0,22.2,0.1,14.4,26.1
2024-02-10,30.9,24.4,0.1,16.2,27.65
2024-02-11,30.0,24.0,0.1,19.2,27.0
2024-02-12,29.5,22.1,0.0,17.2,25.8
2024-02-13,30.1,24.0,1.1,19.6,27.05
2024-02-14,30.5,24.5,0.1,16.8,27.5
2024-02-15,29.8,22.9,0.0,15.8,26.35
2024-02-16,30.5,23.6,0.0,17.4,27.05
2024-02-17,31.0,22.4,0.0,16.1,26.7
2024-02-18,30.5,21.9,0.0,15.1,26.2
2024-02-19,31.6,22.0,0.0,18.4,26.8
2024-02-20,30.9,23.2,0.1,16.8,27.049999999999997
2024-02-21,32.2,23.2,0.0,20.8,27.700000000000003
2024-02-22,31.9,24.0,1.2,23.8,27.95
2024-02-23,33.4,25.5,0.9,25.6,29.45
2024-02-24,30.8,26.0,0.1,21.4,28.4
2024-02-25,30.7,25.5,0.0,16.2,28.1
2024-02-26,30.9,25.8,1.0,20.5,28.35
2024-02-27,30.9,25.1,0.0,19.5,28.0
2024-02-28,31.5,23.8,0.0,16.3,27.65
2024-02-29,32.0,22.1,0.0,14.2,27.05
2024-03-01,32.0,23.5,0.0,14.8,27.75
2024-03-02,33.0,22.9,0.0,18.0,27.95
2024-03-03,31.5,24.0,0.0,18.6,27.75
2024-03-04,30.8,22.3,0.1,17.2,26.55
2024-03-05,31.2,22.9,0.0,16.4,27.049999999999997
2024-03-06,32.7,23.2,0.0,20.8,27.950000000000003
2024-03-07,34.0,23.5,0.0,21.7,28.75
2024-03-08,32.1,23.8,0.0,22.0,27.950000000000003
2024-03-09,32.8,24.2,0.0,21.3,28.5
2024-03-10,32.7,24.6,0.0,18.1,28.650000000000002
2024-03-11,32.7,24.7,0.0,18.3,28.700000000000003
2024-03-12,33.4,24.1,0.0,21.8,28.75
2024-03-13,33.8,24.8,0.0,25.8,29.299999999999997
2024-03-14,33.5,24.8,0.0,22.0,29.15
2024-03-15,32.6,24.5,0.3,23.3,28.55
2024-03-16,32.2,25.9,0.4,24.2,29.05
2024-03-17,31.9,25.4,0.3,19.9,28.65
2024-03-18,32.8,24.8,0.0,19.9,28.799999999999997
2024-03-19,32.5,24.8,0.0,16.9,28.65
2024-03-20,32.2,24.8,0.0,18.7,28.5
2024-03-21,30.4,26.2,3.5,17.4,28.299999999999997
2024-03-22,31.9,24.9,0.2,15.2,28.4
2024-03-23,33.1,23.9,0.0,18.2,28.5
2024-03-24,32.5,24.2,0.0,20.6,28.35
2024-03-25,31.9,23.8,0.0,16.5,27.85
2024-03-26,31.9,23.6,0.0,20.5,27.75
2024-03-27,32.8,23.8,0.0,18.2,28.299999999999997
2024-03-28,33.7,23.6,0.0,20.2,28.650000000000002
2024-03-29,34.1,25.1,0.0,23.1,29.6
2024-03-30,34.7,24.5,0.0,22.3,29.6
2024-03-31,33.6,24.5,0.0,22.3,29.05
2024-04-01,33.7,25.3,0.1,22.3,29.5
2024-04-02,34.8,26.0,0.0,24.9,30.4
2024-04-03,35.0,26.6,0.0,25.9,30.8
2024-04-04,34.8,26.7,0.0,24.3,30.75
2024-04-05,35.0,26.3,0.0,23.4,30.65
2024-04-06,36.5,26.1,0.0,23.8,31.3
2024-04-07,36.9,25.8,0.0,24.0,31.35
2024-04-08,36.2,26.5,0.0,23.3,31.35
2024-04-09,33.3,25.9,0.0,16.9,29.599999999999998
2024-04-10,33.7,26.4,0.0,16.1,30.05
2024-04-11,33.4,26.5,0.0,20.0,29.95
2024-04-12,33.3,28.0,0.0,18.8,30.65
2024-04-13,34.0,26.4,0.5,16.3,30.2
2024-04-14,33.5,25.6,0.0,15.6,29.55
2024-04-15,34.2,25.0,0.0,16.3,29.6
2024-04-16,34.8,25.1,0.0,22.7,29.95
2024-04-17,36.2,26.0,0.0,26.9,31.1
2024-04-18,37.0,26.6,0.0,24.1,31.8
2024-04-19,36.0,27.8,0.0,25.9,31.9
2024-04-20,35.8,28.0,0.2,25.5,31.9
2024-04-21,35.5,27.5,0.0,27.5,31.5
2024-04-22,35.5,26.9,0.0,24.2,31.2
2024-04-23,34.7,26.2,0.0,21.4,30.450000000000003
2024-04-24,35.5,25.8,0.0,22.2,30.65
2024-04-25,34.8,27.0,0.0,22.8,30.9
2024-04-26,34.6,26.5,0.0,23.5,30.55
2024-04-27,34.7,26.0,0.0,22.8,30.35
2024-04-28,35.6,26.5,0.0,24.0,31.05
2024-04-29,35.5,27.6,0.0,23.4,31.55
2024-04-30,35.7,28.0,0.0,27.6,31.85
2024-05-01,37.8,28.7,0.0,28.0,33.25
2024-05-02,38.2,29.8,0.0,32.8,34.0
2024-05-03,38.5,28.0,0.0,29.8,33.25
2024-05-04,37.3,29.2,0.0,30.0,33.25
2024-05-05,36.3,29.5,0.0,30.2,32.9
2024-05-06,37.0,29.8,0.0,32.6,33.4
2024-05-07,36.9,29.8,0.1,24.8,33.35
2024-05-08,33.5,26.8,2.2,18.9,30.15
2024-05-09,32.9,27.0,2.8,21.4,29.95
2024-05-10,32.7,27.5,7.0,19.6,30.1
2024-05-11,34.2,25.5,0.6,19.9,29.85
2024-05-12,33.3,29.4,3.2,19.3,31.349999999999998
2024-05-13,33.0,26.2,8.4,15.6,29.6
2024-05-14,33.7,27.6,0.9,17.1,30.650000000000002
2024-05-15,34.0,27.1,2.9,20.1,30.55
2024-05-16,29.6,25.9,19.4,14.9,27.75
2024-05-17,30.5,26.5,1.6,18.9,28.5
2024-05-18,30.6,26.1,6.6,14.9,28.35
2024-05-19,33.0,26.1,9.5,17.6,29.55
2024-05-20,31.2,26.6,13.9,16.6,28.9
2024-05-21,30.5,26.6,24.0,14.5,28.55
2024-05-22,31.2,25.7,21.3,18.6,28.45
2024-05-23,32.5,26.5,24.7,14.1,29.5
2024-05-24,36.1,26.6,0.0,22.6,31.35
2024-05-25,36.0,27.5,16.6,18.8,31.75
2024-05-26,39.0,28.0,0.6,21.6,33.5
2024-05-27,40.8,30.4,0.1,23.5,35.599999999999994
2024-05-28,41.0,30.1,0.0,23.2,35.55
2024-05-29,40.7,30.3,0.0,25.2,35.5
2024-05-30,39.2,29.8,0.0,21.0,34.5
2024-05-31,40.2,29.0,21.9,21.1,34.6
2024-06-01,36.8,27.8,1.0,27.0,32.3
2024-06-02,33.5,27.0,22.0,18.7,30.25
2024-06-03,30.6,27.1,9.4,14.4,28.85
2024-06-04,34.5,26.9,9.6,11.2,30.7
2024-06-05,32.5,26.2,35.5,24.6,29.35
2024-06-06,32.2,26.1,28.1,18.9,29.150000000000002
2024-06-07,31.0,25.9,5.1,16.2,28.45
2024-06-08,33.7,26.7,2.1,23.4,30.200000000000003
2024-06-09,34.8,27.0,0.5,21.3,30.9
2024-06-10,36.5,27.5,7.0,25.9,32.0
2024-06-11,36.2,27.7,10.4,17.4,31.950000000000003
2024-06-12,33.8,26.8,0.6,20.5,30.299999999999997
2024-06-13,35.3,27.5,0.1,20.2,31.4
2024-06-14,35.9,27.6,0.1,22.7,31.75
2024-06-15,35.5,27.1,2.3,16.4,31.3
2024-06-16,36.3,27.0,0.2,17.3,31.65
2024-06-17,36.3,27.6,0.3,20.6,31.95
2024-06-18,37.0,27.3,0.7,19.1,32.15
2024-06-19,35.3,25.5,16.6,23.2,30.4
2024-06-20,35.6,25.5,2.1,16.2,30.55
2024-06-21,36.0,27.4,5.6,19.1,31.7
2024-06-22,36.3,27.9,0.2,19.6,32.099999999999994
2024-06-23,36.5,27.5,0.9,18.9,32.0
2024-06-24,36.0,27.9,0.2,24.3,31.95
2024-06-25,35.2,27.8,0.6,19.8,31.5
2024-06-26,36.5,28.8,0.5,21.1,32.65
2024-06-27,34.8,27.0,1.0,25.9,30.9
2024-06-28,37.0,28.5,0.0,24.2,32.75
2024-06-29,37.8,27.6,2.1,21.1,32.7
2024-06-30,34.3,28.1,0.0,21.6,31.2
2024-07-01,33.9,26.5,2.0,18.4,30.2
2024-07-02,36.0,27.6,0.0,17.9,31.8
2024-07-03,37.5,27.4,4.2,16.9,32.45
2024-07-04,34.8,26.5,2.6,15.2,30.65
2024-07-05,36.0,27.0,0.0,23.8,31.5
2024-07-06,32.2,26.1,2.2,14.5,29.150000000000002
2024-07-07,36.1,26.6,1.2,18.0,31.35
2024-07-08,32.7,26.5,11.6,15.8,29.6
2024-07-09,33.8,25.8,5.2,17.6,29.799999999999997
2024-07-10,35.5,27.0,0.2,15.9,31.25
2024-07-11,33.3,26.1,1.0,15.5,29.7
2024-07-12,35.7,27.2,2.6,23.4,31.450000000000003
2024-07-13,29.6,25.6,8.0,17.3,27.6
2024-07-14,28.5,25.4,8.9,14.6,26.95
2024-07-15,30.1,25.1,8.2,19.5,27.6
2024-07-16,31.2,25.5,2.8,21.8,28.35
2024-07-17,31.4,25.8,0.1,20.9,28.6
2024-07-18,31.9,27.0,1.1,23.4,29.45
2024-07-19,30.0,26.1,0.5,22.6,28.05
2024-07-20,33.0,25.9,0.1,25.5,29.45
2024-07-21,35.5,27.0,2.6,21.9,31.25
2024-07-22,35.2,27.4,0.0,24.9,31.3
2024-07-23,36.6,27.0,0.1,27.4,31.8
2024-07-24,36.7,28.0,0.0,28.9,32.35
2024-07-25,37.8,27.8,1.1,30.3,32.8
2024-07-26,36.5,27.5,4.6,27.8,32.0
2024-07-27,34.8,28.4,0.3,30.4,31.599999999999998
2024-07-28,37.0,28.0,0.1,26.6,32.5
2024-07-29,36.7,26.7,5.8,22.1,31.700000000000003
2024-07-30,36.0,26.9,1.5,19.5,31.45
2024-07-31,36.0,27.0,1.5,17.3,31.5
2024-08-01,35.8,28.1,2.6,23.5,31.95
2024-08-02,35.7,27.4,4.5,19.8,31.55
2024-08-03,34.8,26.2,7.7,15.8,30.5
2024-08-04,35.2,26.5,0.2,13.8,30.85
2024-08-05,32.0,24.7,0.8,15.0,28.35
2024-08-06,33.0,25.0,19.1,18.4,29.0
2024-08-07,32.2,24.9,8.8,13.0,28.55
2024-08-08,32.0,25.5,10.9,12.6,28.75
2024-08-09,32.8,24.9,20.9,19.2,28.849999999999998
2024-08-10,31.8,24.5,4.1,14.3,28.15
2024-08-11,33.5,25.0,16.2,13.8,29.25
2024-08-12,33.5,24.5,11.4,15.3,29.0
2024-08-13,32.1,25.5,0.5,16.7,28.8
2024-08-14,30.9,26.0,1.0,13.5,28.45
2024-08-15,32.0,26.0,1.6,18.7,29.0
2024-08-16,32.0,26.9,0.9,20.6,29.45
2024-08-17,32.5,26.0,0.1,15.0,29.25
2024-08-18,32.8,26.0,1.6,15.0,29.4
2024-08-19,33.0,27.1,1.7,21.4,30.05
2024-08-20,32.0,25.7,4.7,22.3,28.85
2024-08-21,31.9,26.6,1.0,24.0,29.25
2024-08-22,32.8,26.5,0.0,26.2,29.65
2024-08-23,34.1,26.6,0.1,22.7,30.35
2024-08-24,34.6,27.0,0.2,22.8,30.8
2024-08-25,35.2,27.1,0.4,19.4,31.150000000000002
2024-08-26,35.2,27.9,1.0,23.3,31.55
2024-08-27,34.0,26.5,5.1,16.2,30.25
2024-08-28,29.2,25.6,5.1,12.4,27.4
2024-08-29,33.8,24.8,8.9,22.6,29.299999999999997
2024-08-30,32.2,25.8,5.0,22.4,29.0
2024-08-31,31.6,25.5,0.3,19.4,28.55
2024-09-01,34.3,26.5,0.0,19.8,30.4
2024-09-02,35.1,25.9,2.5,19.4,30.5
2024-09-03,33.2,25.3,5.1,14.5,29.25
2024-09-04,33.7,26.1,0.0,17.2,29.900000000000002
2024-09-05,34.7,26.8,0.7,18.8,30.75
2024-09-06,33.7,25.1,17.3,19.3,29.400000000000002
2024-09-07,32.5,25.7,2.9,17.6,29.1
2024-09-08,34.0,27.1,0.0,21.5,30.55
2024-09-09,34.2,27.3,0.0,24.4,30.75
2024-09-10,36.2,27.5,1.1,21.6,31.85
2024-09-11,35.0,27.7,1.2,23.5,31.35
2024-09-12,36.3,27.2,0.8,18.8,31.75
2024-09-13,35.9,26.8,0.1,17.4,31.35
2024-09-14,36.0,26.9,0.5,20.0,31.45
2024-09-15,36.5,26.7,3.6,16.8,31.6
2024-09-16,35.8,26.9,0.4,19.2,31.349999999999998
2024-09-17,36.3,27.5,0.6,17.1,31.9
2024-09-18,34.8,26.9,1.5,13.8,30.849999999999998
2024-09-19,33.8,25.2,2.0,18.3,29.5
2024-09-20,35.9,26.5,0.4,14.7,31.2
2024-09-21,31.0,25.5,3.9,17.0,28.25
2024-09-22,33.6,25.0,12.9,15.7,29.3
2024-09-23,33.0,24.8,15.5,13.3,28.9
2024-09-24,33.3,25.6,12.4,15.5,29.45
2024-09-25,33.9,25.7,11.2,16.3,29.799999999999997
2024-09-26,30.5,26.5,0.8,14.7,28.5
2024-09-27,31.4,25.5,7.8,17.3,28.45
2024-09-28,30.8,24.2,14.1,14.6,27.5
2024-09-29,30.8,24.5,0.7,16.3,27.65
2024-09-30,30.0,25.1,0.9,14.3,27.55
2024-10-01,31.6,25.5,0.6,17.3,28.55
2024-10-02,34.4,25.5,0.0,19.2,29.95
2024-10-03,34.0,26.4,1.6,15.0,30.2
2024-10-04,32.8,26.5,2.2,18.3,29.65
2024-10-05,33.5,25.5,0.1,14.5,29.5
2024-10-06,32.2,25.5,0.0,13.3,28.85
2024-10-07,30.0,25.5,1.4,12.3,27.75
2024-10-08,30.3,24.8,1.4,13.2,27.55
2024-10-09,30.0,25.0,2.0,14.9,27.5
2024-10-10,29.8,24.2,16.5,14.8,27.0
2024-10-11,29.8,24.6,7.4,14.2,27.200000000000003
2024-10-12,29.5,25.2,3.3,15.8,27.35
2024-10-13,29.9,24.1,2.5,13.8,27.0
2024-10-14,26.6,24.3,69.2,24.2,25.450000000000003
2024-10-15,28.1,24.7,63.4,19.5,26.4
2024-10-16,28.6,23.9,39.7,14.5,26.25
2024-10-17,30.3,23.9,3.2,10.5,27.1
2024-10-18,28.8,24.4,11.6,14.1,26.6
2024-10-19,29.2,24.0,8.0,10.8,26.6
2024-10-20,29.9,24.5,5.8,13.5,27.2
2024-10-21,30.1,25.4,1.6,10.9,27.75
2024-10-22,30.3,24.2,1.0,12.6,27.25
2024-10-23,31.5,24.1,0.0,12.9,27.8
2024-10-24,31.2,25.1,0.0,12.7,28.15
2024-10-25,32.7,24.0,0.0,12.9,28.35
2024-10-26,33.5,24.2,0.0,13.1,28.85
2024-10-27,32.3,24.1,0.6,11.2,28.2
2024-10-28,32.2,24.2,1.7,11.8,28.200000000000003
2024-10-29,32.1,24.6,1.1,12.7,28.35
2024-10-30,31.5,25.5,4.8,13.1,28.5
2024-10-31,30.0,25.0,1.9,13.9,27.5
2024-11-01,29.1,24.8,5.9,11.8,26.950000000000003
2024-11-02,29.2,24.1,4.4,9.9,26.65
2024-11-03,29.6,23.7,3.7,17.3,26.65
2024-11-04,30.0,23.5,1.2,14.2,26.75
2024-11-05,30.5,23.9,0.1,19.1,27.2
2024-11-06,28.6,24.5,14.9,18.8,26.55
2024-11-07,29.6,24.0,2.6,20.7,26.8
2024-11-08,30.4,26.0,0.2,20.1,28.2
2024-11-09,30.4,24.6,1.0,21.8,27.5
2024-11-10,30.2,24.2,1.5,23.2,27.2
2024-11-11,30.1,24.0,4.4,27.2,27.05
2024-11-12,27.5,24.0,42.4,13.1,25.75
2024-11-13,26.9,24.0,33.1,13.5,25.45
2024-11-14,28.9,24.2,12.6,15.4,26.549999999999997
2024-11-15,28.1,24.1,16.9,13.5,26.1
2024-11-16,27.6,24.0,11.2,13.9,25.8
2024-11-17,29.5,24.0,2.5,19.3,26.75
2024-11-18,29.1,25.8,0.0,18.6,27.450000000000003
2024-11-19,28.6,25.4,0.5,19.4,27.0
2024-11-20,28.9,25.0,0.0,16.8,26.95
2024-11-21,29.0,25.2,0.0,17.3,27.1
2024-11-22,29.1,23.1,0.0,18.2,26.1
2024-11-23,28.9,23.5,1.1,18.0,26.2
2024-11-24,29.6,25.5,0.1,18.1,27.55
2024-11-25,29.5,24.2,1.3,23.0,26.85
2024-11-26,26.8,23.6,22.5,19.6,25.200000000000003
2024-11-27,27.6,24.5,5.4,26.8,26.05
2024-11-28,26.4,23.9,21.0,27.5,25.15
2024-11-29,25.0,23.2,25.6,23.3,24.1
2024-11-30,26.5,23.9,158.4,48.7,25.2
2024-12-01,27.8,24.8,25.3,28.6,26.3
2024-12-02,28.9,25.3,10.2,20.4,27.1
2024-12-03,29.4,24.6,4.0,13.9,27.0
2024-12-04,28.8,24.8,3.5,10.7,26.8
2024-12-05,29.0,23.7,0.8,11.5,26.35
2024-12-06,28.0,24.1,1.8,11.4,26.05
2024-12-07,29.2,24.1,0.4,10.8,26.65
2024-12-08,29.4,23.8,0.0,9.8,26.6
2024-12-09,29.2,23.3,1.0,12.2,26.25
2024-12-10,29.3,24.6,0.2,17.9,26.950000000000003
2024-12-11,27.2,24.0,16.1,24.9,25.6
2024-12-12,26.0,23.8,47.9,18.8,24.9
2024-12-13,27.9,25.1,2.1,20.1,26.5
2024-12-14,28.4,24.5,0.0,19.5,26.45
2024-12-15,27.5,24.2,0.0,22.4,25.85
2024-12-16,27.0,22.6,0.0,20.4,24.8
2024-12-17,26.3,22.0,8.2,22.9,24.15
2024-12-18,26.2,22.0,24.1,20.5,24.1
2024-12-19,27.2,23.5,7.0,17.4,25.35
2024-12-20,28.8,24.0,15.9,19.1,26.4
2024-12-21,28.5,24.0,1.5,16.0,26.25
2024-12-22,28.4,24.1,0.2,16.2,26.25
2024-12-23,28.6,23.0,0.0,20.0,25.8
2024-12-24,27.9,23.5,7.6,18.4,25.7
2024-12-25,27.5,23.0,2.8,19.2,25.25
2024-12-26,28.2,24.5,10.1,19.7,26.35
2024-12-27,28.5,23.7,4.1,22.2,26.1
2024-12-28,28.3,24.9,0.2,15.0,26.6
2024-12-29,27.9,24.2,1.0,19.6,26.049999999999997
2024-12-30,28.0,23.8,3.5,19.9,25.9
2024-12-31,28.1,24.5,0.1,18.7,26.3
2025-01-01,27.9,23.6,0.0,16.7,25.75
2025-01-02,27.9,23.2,0.0,15.9,25.549999999999997
2025-01-03,28.3,22.9,0.1,18.4,25.6
2025-01-04,27.6,21.6,0.1,12.9,24.6
2025-01-05,28.3,21.4,0.0,12.2,24.85
2025-01-06,28.5,21.7,0.5,11.1,25.1
2025-01-07,27.2,22.8,2.3,14.7,25.0
2025-01-08,28.0,21.4,0.0,17.9,24.7
2025-01-09,28.5,24.4,0.1,19.3,26.45
2025-01-10,28.4,23.5,1.0,20.2,25.95
2025-01-11,28.5,24.5,0.0,19.5,26.5
2025-01-12,26.8,24.0,1.4,16.7,25.4
2025-01-13,26.9,23.6,4.6,19.2,25.25
2025-01-14,28.1,24.5,0.3,19.8,26.3
2025-01-15,28.9,25.2,0.0,20.8,27.049999999999997
2025-01-16,28.3,24.8,0.1,19.3,26.55
2025-01-17,27.4,23.7,0.4,20.1,25.549999999999997
2025-01-18,28.2,23.1,2.1,20.5,25.65
2025-01-19,27.4,23.3,12.1,20.0,25.35
2025-01-20,27.5,23.2,0.0,18.0,25.35
2025-01-21,27.8,22.4,0.0,12.1,25.1
2025-01-22,28.4,22.4,0.0,14.8,25.4
2025-01-23,29.0,22.5,0.0,11.8,25.75
2025-01-24,28.5,21.7,0.0,14.1,25.1
2025-01-25,28.6,21.5,0.1,14.5,25.05
2025-01-26,28.6,19.9,0.0,12.0,24.25
2025-01-27,29.2,20.8,0.0,10.8,25.0
2025-01-28,29.4,22.0,0.0,11.4,25.7
2025-01-29,29.0,22.0,0.0,15.8,25.5
2025-01-30,30.8,23.0,0.0,15.2,26.9
2025-01-31,30.0,23.0,0.4,14.1,26.5
2025-02-01,30.5,23.9,1.1,11.4,27.2
2025-02-02,30.8,23.0,0.4,13.5,26.9
2025-02-03,30.9,20.4,0.0,12.4,25.65
2025-02-04,32.0,20.8,0.0,10.9,26.4
2025-02-05,32.0,22.7,0.0,12.2,27.35
2025-02-06,30.7,22.5,0.0,10.6,26.6
2025-02-07,31.0,22.0,0.0,11.6,26.5
2025-02-08,31.5,22.0,0.0,12.2,26.75
2025-02-09,30.4,22.2,0.2,12.3,26.299999999999997
2025-02-10,30.3,23.8,0.1,13.0,27.05
2025-02-11,30.9,23.0,0.0,13.3,26.95
2025-02-12,31.5,21.4,0.0,12.2,26.45
2025-02-13,31.8,21.0,0.0,12.2,26.4
2025-02-14,32.2,20.7,0.0,12.4,26.450000000000003
2025-02-15,31.3,21.9,0.0,14.4,26.6
2025-02-16,31.6,22.9,0.0,13.4,27.25
2025-02-17,31.2,23.1,0.0,13.0,27.15
2025-02-18,31.0,22.7,0.0,14.1,26.85
2025-02-19,31.0,21.8,0.0,13.5,26.4
2025-02-20,31.1,22.8,0.0,12.6,26.950000000000003
2025-02-21,31.1,23.8,0.3,11.9,27.450000000000003
2025-02-22,31.4,23.5,0.0,14.5,27.45
2025-02-23,32.4,23.5,0.0,12.7,27.95
2025-02-24,31.0,23.5,0.0,15.7,27.25
2025-02-25,31.3,24.0,0.0,17.1,27.65
2025-02-26,31.5,25.4,0.0,19.1,28.45
2025-02-27,31.2,24.9,0.0,16.7,28.049999999999997
2025-02-28,31.0,25.1,0.1,17.8,28.05
2025-03-01,30.8,25.8,0.4,16.3,28.3
2025-03-02,32.2,25.6,0.0,13.0,28.900000000000002
2025-03-03,33.0,24.6,0.0,14.9,28.8
2025-03-04,33.2,23.9,0.0,14.0,28.55
2025-03-05,34.5,23.9,0.0,13.5,29.2
2025-03-06,35.2,23.6,0.0,16.6,29.400000000000002
2025-03-07,33.0,22.8,0.0,14.1,27.9
2025-03-08,32.8,23.1,0.0,16.1,27.95
2025-03-09,31.1,23.4,0.0,14.9,27.25
2025-03-10,31.5,25.6,0.1,17.4,28.55
2025-03-11,30.0,24.5,14.8,18.6,27.25
2025-03-12,30.0,24.0,1.8,12.1,27.0
2025-03-13,33.2,24.0,0.0,14.8,28.6
2025-03-14,33.4,24.7,0.0,16.2,29.049999999999997
2025-03-15,34.0,25.0,0.0,16.7,29.5
2025-03-16,32.8,25.1,0.4,14.4,28.95
2025-03-17,34.0,25.9,0.1,18.2,29.95
2025-03-18,33.0,25.9,0.2,17.2,29.45
2025-03-19,33.3,26.4,0.4,17.0,29.849999999999998
2025-03-20,33.6,27.0,0.0,16.3,30.3
2025-03-21,33.2,27.4,0.0,15.6,30.3
2025-03-22,32.7,27.0,0.4,16.8,29.85
2025-03-23,32.8,27.0,0.2,14.4,29.9
2025-03-24,32.0,26.2,0.6,15.4,29.1
2025-03-25,32.6,24.9,0.0,14.8,28.75
2025-03-26,33.2,24.7,0.0,16.2,28.950000000000003
2025-03-27,35.9,25.2,0.0,18.2,30.549999999999997
2025-03-28,36.2,25.4,0.0,19.2,30.8
2025-03-29,37.1,24.7,0.0,15.8,30.9
2025-03-30,34.2,24.3,0.0,17.2,29.25
2025-03-31,32.7,25.5,0.0,15.2,29.1
2025-04-01,32.8,25.0,0.2,15.5,28.9
2025-04-02,32.9,27.2,0.8,15.5,30.049999999999997
2025-04-03,32.3,26.0,0.0,14.9,29.15
2025-04-04,30.3,26.4,7.3,13.2,28.35
2025-04-05,33.2,24.8,2.9,13.5,29.0
2025-04-06,34.2,26.5,0.1,13.8,30.35
2025-04-07,33.9,26.5,0.2,15.7,30.2
2025-04-08,33.6,26.5,0.0,16.3,30.05
2025-04-09,33.8,26.9,0.0,16.6,30.349999999999998
2025-04-10,37.3,25.9,0.5,15.3,31.599999999999998
2025-04-11,36.0,28.5,0.0,14.6,32.25
2025-04-12,38.8,27.2,0.0,14.8,33.0
2025-04-13,36.2,27.2,2.3,12.5,31.700000000000003
2025-04-14,34.5,26.7,0.1,14.3,30.6
2025-04-15,34.3,27.2,2.9,16.9,30.75
2025-04-16,34.1,27.9,2.0,17.8,31.0
2025-04-17,34.3,27.7,4.2,18.2,31.0
2025-04-18,36.2,27.5,0.0,20.2,31.85
2025-04-19,36.7,28.0,0.0,17.0,32.35
2025-04-20,36.7,28.2,0.0,20.6,32.45
2025-04-21,35.1,28.0,0.2,18.0,31.55
2025-04-22,34.7,26.8,0.0,17.9,30.75
2025-04-23,35.5,27.5,0.0,18.6,31.5
2025-04-24,35.2,27.9,0.0,19.3,31.55
2025-04-25,34.6,28.0,0.4,19.6,31.3
2025-04-26,34.2,27.9,0.4,19.8,31.05
2025-04-27,34.2,28.0,0.2,17.6,31.1
2025-04-28,33.7,27.5,0.3,16.5,30.6
2025-04-29,33.3,28.0,0.5,18.4,30.65
2025-04-30,35.5,28.0,0.0,17.4,31.75
2025-05-01,36.8,28.0,1.2,18.2,32.4
2025-05-02,35.6,28.9,0.4,18.3,32.25
2025-05-03,37.5,28.2,0.5,19.1,32.85
2025-05-04,38.1,28.9,1.0,16.0,33.5
2025-05-05,34.5,26.7,0.0,18.1,30.6
2025-05-06,37.5,27.4,0.0,17.2,32.45
2025-05-07,36.2,27.9,0.6,15.9,32.05
2025-05-08,36.9,26.5,9.6,14.4,31.7
2025-05-09,36.5,26.2,0.2,15.3,31.35
2025-05-10,37.0,27.0,1.4,15.8,32.0
2025-05-11,36.8,28.5,0.1,14.1,32.65
2025-05-12,39.0,28.0,0.1,14.7,33.5
2025-05-13,38.6,28.9,0.0,16.2,33.75
2025-05-14,36.9,28.5,0.0,15.9,32.7
2025-05-15,36.5,28.6,0.5,14.2,32.55
2025-05-16,36.2,27.2,2.9,16.3,31.700000000000003
2025-05-17,33.3,25.7,2.4,13.3,29.5
2025-05-18,33.3,25.9,12.4,14.1,29.599999999999998
2025-05-19,31.5,24.9,21.1,10.0,28.2
2025-05-20,31.5,26.3,2.7,12.0,28.9
2025-05-21,33.9,26.2,0.8,10.9,30.049999999999997
2025-05-22,34.0,26.5,0.3,14.5,30.25
2025-05-23,35.2,26.9,6.1,17.5,31.05
2025-05-24,35.9,27.4,0.2,17.1,31.65
2025-05-25,36.9,27.4,0.0,16.9,32.15
2025-05-26,34.0,27.7,0.5,22.2,30.85
2025-05-27,36.3,28.1,0.0,25.5,32.2
2025-05-28,37.4,29.2,3.6,24.5,33.3
2025-05-29,37.8,28.9,2.1,26.6,33.349999999999994
2025-05-30,36.0,27.8,9.6,17.2,31.9
2025-05-31,36.2,27.7,0.0,13.9,31.950000000000003
2025-06-01,37.3,27.0,0.0,16.5,32.15
2025-06-02,36.2,27.6,0.3,17.1,31.900000000000002
2025-06-03,38.2,28.1,1.4,18.5,33.150000000000006
2025-06-04,37.8,28.6,2.3,15.8,33.2
2025-06-05,37.3,28.0,0.3,15.8,32.65
2025-06-06,37.8,28.4,1.6,13.8,33.099999999999994
2025-06-07,38.0,28.6,1.0,13.9,33.3
2025-06-08,38.0,28.8,2.3,12.2,33.4
2025-06-09,37.2,27.9,6.2,14.1,32.55
2025-06-10,37.0,27.4,0.3,15.3,32.2
2025-06-11,36.0,25.7,7.8,16.4,30.85
2025-06-12,35.9,25.5,3.0,19.7,30.7
2025-06-13,35.7,26.9,3.6,16.3,31.3
2025-06-14,35.3,27.5,2.5,17.3,31.4
2025-06-15,34.5,27.4,0.0,19.3,30.95
2025-06-16,34.6,26.8,0.0,24.6,30.700000000000003
2025-06-17,37.1,27.9,0.2,18.7,32.5
2025-06-18,37.5,28.2,0.3,20.0,32.85
2025-06-19,37.3,29.0,0.5,19.2,33.15
2025-06-20,38.8,28.0,0.6,17.7,33.4
2025-06-21,37.8,28.0,0.5,14.5,32.9
2025-06-22,37.0,27.8,1.6,15.8,32.4
2025-06-23,34.0,27.4,0.0,18.0,30.7
2025-06-24,36.8,27.9,0.1,23.8,32.349999999999994
2025-06-25,35.8,28.4,0.5,21.2,32.099999999999994
2025-06-26,36.0,28.2,0.5,18.4,32.1
2025-06-27,37.5,28.1,0.3,16.1,32.8
2025-06-28,37.3,28.9,0.5,15.2,33.099999999999994
2025-06-29,39.7,29.0,0.9,18.2,34.35
2025-06-30,37.9,29.1,0.3,18.0,33.5
2025-07-01,37.2,27.6,1.1,14.9,32.400000000000006
2025-07-02,36.9,27.1,1.3,15.4,32.0
2025-07-03,33.0,27.1,0.0,15.0,30.05
2025-07-04,38.2,27.1,0.1,16.5,32.650000000000006
2025-07-05,37.2,28.3,2.7,17.1,32.75
2025-07-06,37.8,28.6,2.2,21.2,33.2
2025-07-07,38.3,29.6,0.1,20.9,33.95
2025-07-08,40.0,27.9,1.3,22.1,33.95
2025-07-09,37.5,27.4,2.5,12.7,32.45
2025-07-10,36.5,27.9,1.2,18.4,32.2
2025-07-11,37.5,28.5,5.9,15.6,33.0
2025-07-12,37.7,26.1,22.1,20.9,31.900000000000002
2025-07-13,35.0,27.1,0.8,13.2,31.05
2025-07-14,35.5,26.1,5.2,19.7,30.8
2025-07-15,37.2,26.5,1.8,14.3,31.85
2025-07-16,36.8,26.0,16.2,16.1,31.4
2025-07-17,34.5,25.5,4.4,16.6,30.0
2025-07-18,31.5,25.6,9.2,14.6,28.55
2025-07-19,31.1,25.0,7.0,16.3,28.05
2025-07-20,32.5,26.6,0.2,14.4,29.55
2025-07-21,30.0,26.0,2.5,12.1,28.0
2025-07-22,32.0,26.2,1.1,19.5,29.1
2025-07-23,29.5,25.5,3.8,18.2,27.5
2025-07-24,31.3,24.9,2.6,18.2,28.1
2025-07-25,31.8,26.1,1.3,20.4,28.950000000000003
2025-07-26,34.2,25.6,1.1,19.6,29.900000000000002
2025-07-27,34.8,26.3,0.1,24.0,30.549999999999997
2025-07-28,35.8,25.6,0.0,20.6,30.7
2025-07-29,37.3,26.9,0.0,22.1,32.099999999999994
2025-07-30,37.3,27.4,0.5,15.4,32.349999999999994
2025-07-31,36.2,27.5,2.0,12.3,31.85
2025-08-01,35.1,26.7,0.3,14.3,30.9
2025-08-02,35.8,25.8,0.3,17.0,30.799999999999997
2025-08-03,34.8,26.2,3.8,14.7,30.5
2025-08-04,33.3,25.6,21.3,12.4,29.45
2025-08-05,32.9,25.5,4.0,12.9,29.2
2025-08-06,33.7,25.4,2.1,11.3,29.55
2025-08-07,33.0,25.2,8.7,13.5,29.1
2025-08-08,31.4,24.6,23.1,13.8,28.0
2025-08-09,31.0,24.1,8.0,12.8,27.55
2025-08-10,33.5,24.8,9.6,13.1,29.15
2025-08-11,33.1,24.8,10.0,14.1,28.950000000000003
2025-08-12,30.1,24.0,31.6,14.0,27.05
2025-08-13,29.0,24.7,2.0,15.4,26.85
2025-08-14,32.8,25.2,3.5,15.4,29.0
2025-08-15,32.7,26.0,2.2,16.5,29.35
2025-08-16,30.6,25.7,3.2,14.0,28.15
2025-08-17,29.5,25.2,12.1,15.4,27.35
2025-08-18,30.3,25.1,3.0,16.3,27.700000000000003
2025-08-19,31.1,25.1,0.5,15.2,28.1
2025-08-20,33.8,25.4,0.0,16.3,29.599999999999998
2025-08-21,33.8,26.0,0.1,12.4,29.9
2025-08-22,33.9,25.2,6.4,16.7,29.549999999999997
2025-08-23,30.2,24.4,25.8,21.5,27.299999999999997
2025-08-24,34.0,25.5,0.2,11.6,29.75
2025-08-25,34.5,26.4,0.0,12.2,30.45
2025-08-26,34.2,25.9,0.0,14.8,30.05
2025-08-27,33.8,25.5,23.0,15.9,29.65
2025-08-28,34.5,25.9,13.4,14.7,30.2
2025-08-29,34.8,26.5,0.9,15.8,30.65
2025-08-30,36.8,26.5,22.2,14.5,31.65
2025-08-31,34.6,25.7,11.2,15.9,30.15
2025-09-01,31.4,25.0,4.2,15.1,28.2
2025-09-02,36.0,25.6,10.4,17.0,30.8
2025-09-03,35.8,26.0,12.9,21.3,30.9
2025-09-04,35.9,24.5,3.0,20.1,30.2
2025-09-05,36.8,27.0,0.7,16.4,31.9
2025-09-06,34.4,26.4,0.5,11.9,30.4
2025-09-07,35.3,27.4,1.7,12.7,31.349999999999998
2025-09-08,35.1,26.1,2.5,14.0,30.6
2025-09-09,35.2,26.0,1.6,11.6,30.6
2025-09-10,36.2,26.5,4.0,13.5,31.35
2025-09-11,33.2,25.5,8.6,16.9,29.35
2025-09-12,34.2,26.8,0.6,11.5,30.5
2025-09-13,32.8,26.4,0.7,16.1,29.599999999999998
2025-09-14,31.7,23.8,31.6,12.1,27.75
2025-09-15,33.8,26.1,5.1,13.5,29.95
2025-09-16,32.2,24.8,17.3,12.7,28.5
2025-09-17,31.2,24.6,15.9,12.3,27.9
2025-09-18,32.3,25.4,6.2,12.8,28.849999999999998
2025-09-19,30.4,25.1,3.0,14.3,27.75
2025-09-20,31.1,24.6,5.5,15.5,27.85
2025-09-21,31.2,25.5,0.7,10.8,28.35
2025-09-22,32.3,25.4,3.4,13.9,28.849999999999998
2025-09-23,32.0,24.9,5.4,16.9,28.45
2025-09-24,32.8,25.8,3.5,19.3,29.299999999999997
2025-09-25,33.8,25.8,0.2,16.7,29.799999999999997
2025-09-26,33.2,25.4,0.1,19.2,29.3
2025-09-27,33.8,25.5,12.0,20.8,29.65
2025-09-28,33.7,24.7,23.6,14.7,29.200000000000003
2025-09-29,33.2,24.9,4.2,14.9,29.05
2025-09-30,31.0,26.0,0.0,14.2,28.5
2025-10-01,31.9,25.8,0.3,13.4,28.85
2025-10-02,32.8,25.8,0.2,13.6,29.299999999999997
2025-10-03,33.0,25.6,0.6,14.2,29.3
2025-10-04,31.5,24.4,7.1,21.0,27.95
2025-10-05,33.0,25.2,12.4,12.9,29.1
2025-10-06,32.7,24.8,10.7,12.2,28.75
2025-10-07,31.4,25.8,7.8,8.6,28.6
2025-10-08,31.6,26.0,1.4,12.1,28.8
2025-10-09,31.5,24.1,10.3,10.4,27.8
2025-10-10,30.4,25.0,0.4,11.5,27.7
2025-10-11,31.1,25.5,2.6,14.4,28.3
2025-10-12,30.7,25.4,1.8,11.2,28.049999999999997
2025-10-13,31.8,25.5,10.2,12.9,28.65
2025-10-14,30.9,25.1,9.9,12.7,28.0
2025-10-15,28.1,24.5,35.3,18.0,26.3
2025-10-16,29.1,24.2,20.7,14.7,26.65
2025-10-17,28.2,24.9,13.7,13.5,26.549999999999997
2025-10-18,27.4,24.6,27.5,8.4,26.0
2025-10-19,28.7,24.2,7.8,9.2,26.45
2025-10-20,28.2,24.0,23.2,13.9,26.1
2025-10-21,26.6,24.5,28.9,18.0,25.55
2025-10-22,29.0,25.2,38.5,21.5,27.1
2025-10-23,29.8,24.4,17.1,11.2,27.1
2025-10-24,27.2,24.6,6.2,9.7,25.9
2025-10-25,28.2,24.3,18.4,11.3,26.25
2025-10-26,29.9,25.2,0.9,10.6,27.549999999999997
2025-10-27,26.4,22.9,44.9,26.7,24.65
2025-10-28,25.9,22.7,51.4,30.7,24.299999999999997
2025-10-29,32.3,24.5,0.0,17.9,28.4
2025-10-30,32.8,25.2,0.1,12.1,29.0
2025-10-31,33.2,25.4,0.0,12.1,29.3
2025-11-01,31.9,25.6,0.6,11.6,28.75
2025-11-02,32.0,25.2,5.0,12.4,28.6
2025-11-03,32.5,25.4,8.0,20.7,28.95
2025-11-04,31.9,24.1,18.5,12.1,28.0
2025-11-05,31.2,24.1,3.1,12.2,27.65
2025-11-06,29.9,24.5,0.9,8.5,27.2
2025-11-07,31.0,25.6,4.5,11.3,28.3
2025-11-08,31.9,24.6,0.9,16.1,28.25
2025-11-09,30.8,24.4,0.4,16.3,27.6
2025-11-10,30.5,25.4,1.1,15.4,27.95
2025-11-11,31.4,25.9,1.3,15.6,28.65
2025-11-12,30.8,26.9,0.2,17.4,28.85
2025-11-13,29.5,24.8,0.7,17.3,27.15
2025-11-14,30.0,26.0,0.0,21.1,28.0
2025-11-15,30.6,23.5,0.2,19.7,27.05
2025-11-16,28.5,25.1,0.7,24.2,26.8
2025-11-17,26.8,23.8,27.5,23.4,25.3
2025-11-18,27.6,23.1,11.5,16.4,25.35
2025-11-19,29.0,23.3,0.7,20.4,26.15
2025-11-20,28.1,24.0,0.3,19.5,26.05
2025-11-21,28.8,24.5,6.8,15.8,26.65
2025-11-22,29.1,24.0,11.5,20.4,26.55
2025-11-23,28.6,23.5,11.8,16.2,26.05
2025-11-24,28.2,23.8,4.4,18.4,26.0
2025-11-25,28.2,25.1,0.8,20.0,26.65
2025-11-26,28.1,24.6,0.5,19.1,26.35
2025-11-27,28.1,25.2,0.0,24.3,26.65
2025-11-28,28.2,25.0,0.6,23.2,26.6
2025-11-29,27.8,23.9,22.3,28.7,25.85
2025-11-30,25.9,23.9,73.1,29.4,24.9
2025-12-01,25.4,23.6,90.0,36.4,24.5
2025-12-02,25.1,23.0,142.3,27.9,24.05
2025-12-03,26.3,23.0,72.7,19.6,24.65
2025-12-04,27.5,23.2,17.5,14.4,25.35
2025-12-05,28.5,24.5,1.0,22.4,26.5
2025-12-06,28.6,24.8,1.0,18.7,26.700000000000003
2025-12-07,27.5,24.6,1.3,20.8,26.05
2025-12-08,27.3,23.4,0.2,19.3,25.35
2025-12-09,28.1,23.9,0.5,20.2,26.0
2025-12-10,27.3,23.5,0.0,20.6,25.4
2025-12-11,28.0,24.5,0.0,20.8,26.25
2025-12-12,27.2,23.6,0.0,19.5,25.4
2025-12-13,27.6,20.8,0.0,15.9,24.200000000000003
2025-12-14,28.0,23.5,0.0,16.5,25.75
2025-12-15,28.4,23.0,0.0,18.5,25.7
2025-12-16,27.3,24.7,4.3,19.3,26.0
2025-12-17,28.2,23.9,1.9,21.0,26.049999999999997
2025-12-18,28.0,22.7,0.4,17.3,25.35
2025-12-19,28.7,22.5,0.0,12.9,25.6
2025-12-20,29.0,20.9,0.1,12.0,24.95
2025-12-21,29.1,22.1,0.2,15.2,25.6
2025-12-22,29.0,23.5,0.0,16.8,26.25
2025-12-23,28.6,21.3,0.0,15.6,24.950000000000003
2025-12-24,28.8,22.7,0.1,14.1,25.75
2025-12-25,27.5,21.7,0.7,16.4,24.6
2025-12-26,28.2,24.1,0.0,18.9,26.15
2025-12-27,28.9,22.6,0.1,18.1,25.75
2025-12-28,28.5,22.0,0.0,16.7,25.25
2025-12-29,28.0,23.5,0.0,16.8,25.75
2025-12-30,28.8,21.6,0.0,15.4,25.200000000000003
2025-12-31,29.0,24.1,3.0,14.1,26.55
